User_UID,Book_ISBN,Checkout_Number,Checkout_Date,Due_Date
U2021-TFRBNQ,9783432732718,1,2023-08-07,2023-08-18
U2021-KCKMNE,9783922018216,1,2023-01-30,2023-02-25
U2021-KCKMNE,9783025700421,1,2023-01-13,2023-02-05
U2021-KCKMNE,9784193924855,1,2024-02-06,2024-03-06
U2021-KCKMNE,9784193924855,2,2023-08-28,2023-09-23
U2021-KCKMNE,9784193924855,3,2024-08-22,2024-09-06
U2023-KATWHP,9786432307276,1,2024-02-28,2024-03-23
U2023-KATWHP,9786432307276,2,2023-03-02,2023-04-01
U2023-KATWHP,9783862757954,1,2023-02-16,2023-03-09
U2021-ZDMMTR,9785919640455,1,2023-06-05,2023-06-19
U2025-CYVHZZ,9787172162101,1,2023-01-31,2023-02-18
U2025-CYVHZZ,9787172162101,2,2023-11-13,2023-12-12
U2025-CYVHZZ,9783565979639,1,2023-03-08,2023-04-01
U2025-CYVHZZ,9780575699045,1,2023-05-03,2023-05-25
U2025-CYVHZZ,9780575699045,2,2023-03-22,2023-04-14
U2023-PVVGXK,9783565979639,1,2023-08-12,2023-09-11
U2023-PVVGXK,9783565979639,2,2024-04-03,2024-04-29
U2023-PVVGXK,9780774739351,1,2023-10-11,2023-11-06
U2023-PVVGXK,9786119287266,1,2023-05-08,2023-06-03
U2023-PVVGXK,9783813443660,1,2023-11-13,2023-12-07
U2023-PVVGXK,9783813443660,2,2023-11-19,2023-12-14
U2023-PVVGXK,9783813443660,3,2023-11-27,2023-12-20
U2024-ZTMLGL,9783565979639,1,2023-01-17,2023-02-14
U2024-ZTMLGL,9784041873632,1,2024-05-30,2024-06-18
U2024-ZTMLGL,9784041873632,2,2023-10-09,2023-10-25
U2024-ZTMLGL,9784041873632,3,2024-06-16,2024-07-06
U2025-VHHSIT,9780774739351,1,2024-02-17,2024-03-12
U2025-VHHSIT,9780774739351,2,2023-05-05,2023-06-02
U2025-VHHSIT,9782667229529,1,2023-05-01,2023-05-25
U2025-PXRCLB,9789873257919,1,2023-12-21,2024-01-12
U2025-PXRCLB,9789873257919,2,2024-03-22,2024-04-06
U2025-PXRCLB,9789873257919,3,2023-10-22,2023-10-31
U2025-ZWLOMK,9784533180491,1,2023-01-08,2023-02-05
U2025-ZWLOMK,9787821002734,1,2024-07-29,2024-08-06
U2025-ZWLOMK,9782495608749,1,2023-01-26,2023-02-18
U2025-ZWLOMK,9782495608749,2,2023-07-13,2023-07-30
U2025-ZWLOMK,9783813443660,1,2023-06-07,2023-06-22
U2025-ZWLOMK,9783813443660,2,2024-07-21,2024-08-04
U2025-ZWLOMK,9783813443660,3,2023-04-04,2023-05-03
U2023-XNUTWE,9787339151764,1,2023-12-21,2024-01-12
U2023-XNUTWE,9787339151764,2,2023-05-24,2023-06-18
U2023-XNUTWE,9781260591903,1,2024-07-04,2024-07-22
U2025-WYAXPJ,9786266655406,1,2023-01-19,2023-02-14
U2025-WYAXPJ,9786266655406,2,2023-08-29,2023-09-19
U2025-WYAXPJ,9786266655406,3,2024-07-04,2024-07-27
U2025-WYAXPJ,9787551190022,1,2023-08-16,2023-09-03
U2025-WYAXPJ,9787551190022,2,2023-01-09,2023-01-22
U2025-BQDCTD,9784290864771,1,2023-06-25,2023-07-04
U2025-BQDCTD,9784290864771,2,2023-07-23,2023-08-01
U2025-BQDCTD,9784290864771,3,2023-12-31,2024-01-11
U2025-BQDCTD,9788409321889,1,2023-07-25,2023-08-06
U2025-BQDCTD,9788409321889,2,2023-07-05,2023-07-25
U2025-BQDCTD,9788409321889,3,2023-10-25,2023-11-16
U2025-BQDCTD,9782667229529,1,2023-04-16,2023-04-28
U2025-BQDCTD,9782667229529,2,2023-11-08,2023-11-20
U2025-BQDCTD,9786313169931,1,2023-11-07,2023-11-20
U2022-IKJTUQ,9789985446133,1,2024-08-13,2024-08-22
U2022-IKJTUQ,9789985446133,2,2024-01-07,2024-01-30
U2022-IKJTUQ,9789985446133,3,2024-04-28,2024-05-12
U2022-IKJTUQ,9784969417130,1,2023-09-05,2023-09-20
U2022-IKJTUQ,9784969417130,2,2023-12-23,2024-01-11
U2025-GLKOEW,9783065137584,1,2024-08-06,2024-09-01
U2025-GLKOEW,9783065137584,2,2023-03-18,2023-04-10
U2025-GLKOEW,9789204417265,1,2024-02-26,2024-03-24
U2025-GLKOEW,9789204417265,2,2024-04-17,2024-05-11
U2025-GLKOEW,9789204417265,3,2023-08-08,2023-08-15
U2025-GLKOEW,9783231908208,1,2024-06-06,2024-06-19
U2025-GLKOEW,9783231908208,2,2024-05-19,2024-06-10
U2025-GLKOEW,9783231908208,3,2024-06-16,2024-06-29
U2025-GLKOEW,9781672885225,1,2024-01-18,2024-02-04
U2025-GLKOEW,9781672885225,2,2023-12-28,2024-01-07
U2022-CRTJDK,9787039283659,1,2024-07-09,2024-07-19
U2022-CRTJDK,9782667229529,1,2024-03-14,2024-04-09
U2022-CRTJDK,9782667229529,2,2024-04-27,2024-05-06
U2022-CRTJDK,9782667229529,3,2023-09-30,2023-10-26
U2022-CRTJDK,9786524721454,1,2023-03-21,2023-04-12
U2022-CRTJDK,9781879783270,1,2023-09-26,2023-10-04
U2022-CRTJDK,9781879783270,2,2023-05-17,2023-06-16
U2022-CRTJDK,9781879783270,3,2024-06-15,2024-07-09
U2024-WPAROU,9786375078127,1,2023-11-18,2023-11-30
U2024-WPAROU,9786375078127,2,2024-03-31,2024-04-26
U2021-AGMRRE,9787039283659,1,2023-12-17,2023-12-24
U2021-AGMRRE,9787039283659,2,2023-01-10,2023-02-08
U2021-AGMRRE,9786484928528,1,2023-05-13,2023-06-12
U2021-AGMRRE,9786484928528,2,2023-10-27,2023-11-13
U2023-SNFJOF,9785017890752,1,2023-12-27,2024-01-08
U2023-SNFJOF,9785017890752,2,2023-04-21,2023-05-15
U2023-SNFJOF,9788224614821,1,2024-02-07,2024-02-24
U2023-SNFJOF,9788224614821,2,2023-11-19,2023-12-10
U2023-SNFJOF,9788224614821,3,2023-09-20,2023-10-18
U2022-UDELDK,9787821002734,1,2023-06-20,2023-07-02
U2022-UDELDK,9787821002734,2,2023-06-20,2023-07-06
U2022-UDELDK,9786303675756,1,2023-09-17,2023-10-14
U2022-UDELDK,9784415386508,1,2024-03-22,2024-04-16
U2022-UDELDK,9783105468098,1,2023-09-05,2023-09-13
U2022-UDELDK,9783105468098,2,2023-03-07,2023-03-27
U2023-PLWCKA,9788498946406,1,2023-01-20,2023-02-16
U2023-PLWCKA,9784250957178,1,2023-08-06,2023-08-18
U2023-PLWCKA,9783400546279,1,2023-04-09,2023-04-21
U2023-PLWCKA,9783400546279,2,2023-07-20,2023-08-02
U2023-PLWCKA,9783400546279,3,2024-01-30,2024-02-23
U2023-PLWCKA,9784958323701,1,2023-04-24,2023-05-15
U2022-ULOOQK,9781325971619,1,2024-01-21,2024-02-08
U2022-ULOOQK,9781325971619,2,2024-07-24,2024-08-05
U2022-ULOOQK,9781325971619,3,2023-11-14,2023-12-03
U2022-ULOOQK,9785972207497,1,2023-12-24,2024-01-14
U2022-ULOOQK,9785972207497,2,2023-04-06,2023-04-21
U2022-ULOOQK,9787050360407,1,2023-01-22,2023-02-12
U2022-ULOOQK,9781369970609,1,2023-02-15,2023-03-10
U2022-ULOOQK,9781369970609,2,2023-09-28,2023-10-09
U2022-ULOOQK,9781369970609,3,2024-03-10,2024-03-19
U2025-MMMCMP,9780008681548,1,2023-03-09,2023-04-06
U2025-MMMCMP,9780008681548,2,2024-05-04,2024-05-16
U2025-MMMCMP,9780008681548,3,2023-11-05,2023-11-20
U2025-MMMCMP,9783432732718,1,2023-01-14,2023-02-11
U2025-MMMCMP,9783432732718,2,2024-07-13,2024-08-08
U2025-MMMCMP,9789140541307,1,2023-10-07,2023-10-16
U2025-MMMCMP,9789140541307,2,2023-03-25,2023-04-04
U2025-MMMCMP,9789140541307,3,2024-07-17,2024-08-04
U2025-MMMCMP,9786694165096,1,2023-03-05,2023-03-24
U2025-MMMCMP,9786694165096,2,2023-05-29,2023-06-13
U2025-MMMCMP,9786694165096,3,2023-11-14,2023-12-02
U2021-OVYGAH,9784533180491,1,2023-06-04,2023-06-30
U2021-OVYGAH,9784533180491,2,2024-07-14,2024-08-11
U2021-OVYGAH,9785101018567,1,2023-01-15,2023-01-26
U2021-OVYGAH,9785101018567,2,2023-07-26,2023-08-04
U2021-OVYGAH,9780576333177,1,2024-06-06,2024-07-01
U2021-OVYGAH,9780576333177,2,2024-08-16,2024-09-10
U2021-OVYGAH,9780576333177,3,2024-01-03,2024-01-15
U2023-ISCGBB,9780043126288,1,2024-07-29,2024-08-09
U2023-ISCGBB,9780043126288,2,2023-02-25,2023-03-12
U2023-ISCGBB,9780043126288,3,2023-11-02,2023-11-18
U2023-ISCGBB,9783570262450,1,2024-05-03,2024-05-12
U2023-ISCGBB,9786375078127,1,2024-07-24,2024-08-01
U2023-ISCGBB,9786375078127,2,2024-05-28,2024-06-22
U2025-IMCXVT,9781329887381,1,2023-10-13,2023-11-07
U2025-IMCXVT,9781329887381,2,2024-04-05,2024-05-02
U2025-IMCXVT,9781329887381,3,2024-04-28,2024-05-08
U2025-IMCXVT,9783227996783,1,2024-04-16,2024-05-06
U2025-IMCXVT,9781509263110,1,2024-06-07,2024-06-15
U2025-IMCXVT,9781509263110,2,2023-06-07,2023-06-30
U2025-IMCXVT,9781509263110,3,2023-07-19,2023-08-16
U2022-QCLFBU,9785929476587,1,2023-08-19,2023-09-07
U2022-QCLFBU,9789873257919,1,2024-06-28,2024-07-17
U2022-QCLFBU,9785972207497,1,2023-03-25,2023-04-14
U2023-NAUJIT,9784969417130,1,2023-05-20,2023-06-10
U2023-NAUJIT,9784969417130,2,2023-02-14,2023-02-21
U2024-EYVFRT,9784886934857,1,2024-03-07,2024-04-02
U2024-EYVFRT,9784886934857,2,2023-09-13,2023-09-22
U2024-EYVFRT,9782194438098,1,2023-12-09,2023-12-22
U2024-EYVFRT,9782194438098,2,2024-05-16,2024-05-29
U2024-EYVFRT,9782194438098,3,2023-08-01,2023-08-21
U2020-QTSMNX,9788001245736,1,2023-09-01,2023-09-21
U2020-QTSMNX,9788001245736,2,2023-05-09,2023-06-03
U2023-OSBFBT,9787050360407,1,2023-03-20,2023-04-05
U2025-EPBRHS,9781325971619,1,2023-11-16,2023-12-07
U2025-EPBRHS,9781325971619,2,2023-12-28,2024-01-14
U2025-EPBRHS,9783227996783,1,2023-02-18,2023-03-01
U2025-EPBRHS,9789140541307,1,2023-07-12,2023-08-08
U2025-EPBRHS,9787279528930,1,2023-03-03,2023-03-20
U2025-EPBRHS,9787279528930,2,2023-11-09,2023-12-07
U2025-EPBRHS,9787279528930,3,2023-11-19,2023-12-17
U2025-XKDSPT,9783813443660,1,2023-02-25,2023-03-18
U2025-XKDSPT,9783813443660,2,2023-01-06,2023-01-20
U2025-XKDSPT,9783813443660,3,2024-02-01,2024-02-20
U2025-XKDSPT,9781492532620,1,2024-06-21,2024-07-04
U2025-XKDSPT,9781492532620,2,2023-02-14,2023-03-06
U2025-XKDSPT,9783862757954,1,2024-02-04,2024-02-14
U2025-XKDSPT,9783862757954,2,2024-03-19,2024-03-31
U2025-XKDSPT,9785972207497,1,2023-02-13,2023-02-21
U2022-JFKREW,9783227996783,1,2023-11-20,2023-12-19
U2022-JFKREW,9788001245736,1,2024-05-27,2024-06-07
U2022-JFKREW,9788001245736,2,2023-06-04,2023-06-14
U2025-URHWSF,9789803783877,1,2023-12-25,2024-01-04
U2024-VISFAQ,9781440225901,1,2024-04-12,2024-04-27
U2024-VISFAQ,9781440225901,2,2024-05-18,2024-06-07
U2024-VISFAQ,9783400546279,1,2023-04-03,2023-04-30
U2024-VISFAQ,9783400546279,2,2024-03-08,2024-03-17
U2020-AYBBBI,9784193924855,1,2023-09-12,2023-10-10
U2020-AYBBBI,9784193924855,2,2024-05-31,2024-06-19
U2020-AYBBBI,9785017890752,1,2024-07-14,2024-07-24
U2020-AYBBBI,9785017890752,2,2023-11-03,2023-11-12
U2020-AYBBBI,9785204766075,1,2023-09-06,2023-09-26
U2020-AYBBBI,9785204766075,2,2023-09-12,2023-10-01
U2025-CHJPUW,9780932355270,1,2023-03-24,2023-04-20
U2025-CHJPUW,9780932355270,2,2024-04-25,2024-05-22
U2025-CHJPUW,9782383665250,1,2023-07-08,2023-07-25
U2025-CHJPUW,9782383665250,2,2023-02-15,2023-03-13
U2025-CHJPUW,9782383665250,3,2024-08-15,2024-09-05
U2025-CHJPUW,9784250957178,1,2023-03-25,2023-04-11
U2025-CHJPUW,9784250957178,2,2023-08-01,2023-08-12
U2025-CHJPUW,9789409287601,1,2023-04-08,2023-05-03
U2025-CHJPUW,9789409287601,2,2023-01-10,2023-01-28
U2023-LNXEXM,9786049454714,1,2023-08-18,2023-09-17
U2023-LNXEXM,9786049454714,2,2023-11-08,2023-12-01
U2023-LNXEXM,9786049454714,3,2023-10-03,2023-10-21
U2023-LNXEXM,9789803783877,1,2023-10-20,2023-11-05
U2023-LNXEXM,9789803783877,2,2023-08-22,2023-09-03
U2023-LNXEXM,9788668816935,1,2024-03-03,2024-03-20
U2023-LNXEXM,9788668816935,2,2024-08-08,2024-08-28
U2023-LNXEXM,9780017226808,1,2023-07-01,2023-07-16
U2023-AWHFCW,9787821002734,1,2023-06-30,2023-07-28
U2023-AWHFCW,9787821002734,2,2023-07-18,2023-08-13
U2023-AWHFCW,9786266655406,1,2024-08-17,2024-09-06
U2023-AWHFCW,9786266655406,2,2023-08-20,2023-08-27
U2023-AWHFCW,9786266655406,3,2023-03-13,2023-04-02
U2024-BIBPMK,9786432307276,1,2024-06-07,2024-07-04
U2023-KDQQKE,9787124877596,1,2023-08-13,2023-09-07
U2023-KDQQKE,9787339151764,1,2024-03-30,2024-04-27
U2023-KDQQKE,9787339151764,2,2023-10-07,2023-10-14
U2023-KDQQKE,9785972207497,1,2024-07-16,2024-08-01
U2023-KDQQKE,9786973219076,1,2024-03-29,2024-04-07
U2023-KDQQKE,9786973219076,2,2023-07-22,2023-08-21
U2022-ROUKVK,9784193924855,1,2024-06-15,2024-07-13
U2022-ROUKVK,9784193924855,2,2024-03-12,2024-04-01
U2022-ROUKVK,9784193924855,3,2023-11-11,2023-11-26
U2025-MBDYKR,9783922018216,1,2024-07-03,2024-08-02
U2021-JOOFZR,9789175799155,1,2024-04-18,2024-05-01
U2021-JOOFZR,9786524721454,1,2024-08-04,2024-08-29
U2024-VGGTKA,9781672885225,1,2023-01-19,2023-02-15
U2024-VGGTKA,9781672885225,2,2023-01-11,2023-01-26
U2024-VGGTKA,9781672885225,3,2023-01-31,2023-02-26
U2025-ARGJHY,9788001245736,1,2023-07-06,2023-07-20
U2025-ARGJHY,9788001245736,2,2023-05-26,2023-06-18
U2025-ARGJHY,9781441495549,1,2024-02-22,2024-03-22
U2025-ARGJHY,9781441495549,2,2024-01-07,2024-01-16
U2025-ARGJHY,9781441495549,3,2023-11-27,2023-12-17
U2024-UAXTFF,9784346911671,1,2023-03-21,2023-03-30
U2024-UAXTFF,9783639445152,1,2023-05-07,2023-05-19
U2024-UAXTFF,9782162814718,1,2023-01-16,2023-01-27
U2024-UAXTFF,9782162814718,2,2024-05-11,2024-05-28
U2024-RPRITP,9780575699045,1,2023-11-20,2023-12-04
U2024-RPRITP,9780575699045,2,2023-04-05,2023-04-30
U2024-RPRITP,9780575699045,3,2023-05-13,2023-06-02
U2024-RPRITP,9782905265333,1,2023-04-12,2023-05-12
U2024-RPRITP,9782905265333,2,2024-07-12,2024-07-21
U2024-RPRITP,9782905265333,3,2024-01-26,2024-02-24
U2023-YOPLAW,9786970098810,1,2023-06-21,2023-07-20
U2023-YOPLAW,9786970098810,2,2024-01-15,2024-01-31
U2023-YOPLAW,9786970098810,3,2024-01-05,2024-01-17
U2023-YOPLAW,9783779978022,1,2023-11-14,2023-11-26
U2023-YOPLAW,9783779978022,2,2023-03-24,2023-04-16
U2023-YOPLAW,9783779978022,3,2024-03-06,2024-03-31
U2023-YOPLAW,9789178058112,1,2024-03-07,2024-03-31
U2023-YOPLAW,9787172162101,1,2024-06-19,2024-07-07
